fips,breast_suppressed,stomach_suppressed,cervix_suppressed
01001,0,0,1
01003,0,0,0
01005,0,1,1
01007,0,1,1
01009,0,0,1
01011,0,1,1
01013,0,1,1
01015,0,0,0
01017,0,0,1
01019,0,1,1
01021,0,1,1
01023,0,1,1
01025,0,1,1
01027,0,1,1
01029,0,1,1
01031,0,0,1
01033,0,0,1
01035,0,1,1
01037,0,1,1
01039,0,1,1
01041,0,1,1
01043,0,0,1
01045,0,1,1
01047,0,0,1
01049,0,0,1
01051,0,0,0
01053,0,0,1
01055,0,0,0
01057,0,1,1
01059,0,1,1
01061,0,1,1
01063,0,1,1
01065,0,1,1
01067,0,1,1
01069,0,0,0
01071,0,1,0
01073,0,0,0
01075,0,1,1
01077,0,0,1
01079,0,1,1
01081,0,0,0
01083,0,0,0
01085,0,1,1
01087,0,1,1
01089,0,0,0
01091,0,1,1
01093,0,1,1
01095,0,0,0
01097,0,0,0
01099,0,1,1
01101,0,0,0
01103,0,0,0
01105,0,1,1
01107,0,1,1
01109,0,1,1
01111,0,1,1
01113,0,0,0
01115,0,0,0
01117,0,0,0
01119,0,1,1
01121,0,0,0
01123,0,0,1
01125,0,0,0
01127,0,0,0
01129,0,1,1
01131,0,1,1
01133,0,1,1
02013,1,1,1
02016,1,1,1
02020,0,0,0
02050,0,0,1
02060,1,1,1
02068,1,1,1
02070,0,1,1
02090,0,0,1
02100,1,1,1
02105,0,1,1
02110,0,1,1
02122,0,0,1
02130,0,1,1
02150,0,1,1
02158,1,1,1
02164,1,1,1
02170,0,0,1
02180,0,1,1
02185,1,1,1
02188,1,1,1
02195,1,1,1
02198,1,1,1
02220,0,1,1
02230,1,1,1
02240,0,1,1
02275,1,1,1
02282,1,1,1
02290,0,1,1
04001,0,0,1
04003,0,0,0
04005,0,0,0
04007,0,0,1
04009,0,1,1
04011,1,1,1
04012,0,1,1
04013,0,0,0
04015,0,0,0
04017,0,0,0
04019,0,0,0
04021,0,0,0
04023,0,0,1
04025,0,0,0
04027,0,0,0
05001,0,0,1
05003,0,1,1
05005,0,1,1
05007,0,0,0
05009,0,0,1
05011,0,1,1
05013,0,1,1
05015,0,1,1
05017,0,1,1
05019,0,1,1
05021,0,1,1
05023,0,1,1
05025,0,1,1
05027,0,1,1
05029,0,1,1
05031,0,0,0
05033,0,0,0
05035,0,0,1
05037,0,1,1
05039,0,1,1
05041,0,1,1
05043,0,1,1
05045,0,0,0
05047,0,1,1
05049,0,1,1
05051,0,0,0
05053,0,1,1
05055,0,0,0
05057,0,1,1
05059,0,1,0
05061,0,1,1
05063,0,1,1
05065,0,1,1
05067,0,1,1
05069,0,0,1
05071,0,1,1
05073,0,1,1
05075,0,1,1
05077,0,1,1
05079,0,1,1
05081,0,1,1
05083,0,1,1
05085,0,0,0
05087,0,1,1
05089,0,1,1
05091,0,1,0
05093,0,0,1
05095,0,1,1
05097,0,1,1
05099,0,1,1
05101,0,1,1
05103,0,1,1
05105,0,1,1
05107,0,1,1
05109,0,1,1
05111,0,1,1
05113,0,1,1
05115,0,0,0
05117,0,1,1
05119,0,0,0
05121,0,1,1
05123,0,1,1
05125,0,0,0
05127,0,1,1
05129,0,1,1
05131,0,0,0
05133,0,1,1
05135,0,1,1
05137,0,1,1
05139,0,1,1
05141,0,1,1
05143,0,0,0
05145,0,0,0
05147,0,1,1
05149,0,1,1
06001,0,0,0
06003,1,1,1
06005,0,0,1
06007,0,0,0
06009,0,0,1
06011,0,1,1
06013,0,0,0
06015,0,1,1
06017,0,0,0
06019,0,0,0
06021,0,1,1
06023,0,0,0
06025,0,0,0
06027,0,1,1
06029,0,0,0
06031,0,0,0
06033,0,0,0
06035,0,1,1
06037,0,0,0
06039,0,0,0
06041,0,0,0
06043,0,1,1
06045,0,0,0
06047,0,0,0
06049,0,1,1
06051,0,1,1
06053,0,0,0
06055,0,0,0
06057,0,0,0
06059,0,0,0
06061,0,0,0
06063,0,1,1
06065,0,0,0
06067,0,0,0
06069,0,0,1
06071,0,0,0
06073,0,0,0
06075,0,0,0
06077,0,0,0
06079,0,0,0
06081,0,0,0
06083,0,0,0
06085,0,0,0
06087,0,0,0
06089,0,0,0
06091,1,1,1
06093,0,1,1
06095,0,0,0
06097,0,0,0
06099,0,0,0
06101,0,0,0
06103,0,0,1
06105,0,1,1
06107,0,0,0
06109,0,0,1
06111,0,0,0
06113,0,0,0
06115,0,0,0
08001,0,0,0
08003,0,1,1
08005,0,0,0
08007,0,1,1
08009,1,1,1
08011,1,1,1
08013,0,0,0
08014,0,0,1
08015,0,1,1
08017,1,1,1
08019,0,1,1
08021,0,1,1
08023,1,1,1
08025,1,1,1
08027,0,1,1
08029,0,1,1
08031,0,0,0
08033,1,1,1
08035,0,0,0
08037,0,1,1
08039,0,1,1
08041,0,0,0
08043,0,0,1
08045,0,1,1
08047,0,1,1
08049,0,1,1
08051,0,1,1
08055,0,1,1
08057,1,1,1
08059,0,0,0
08061,1,1,1
08063,0,1,1
08065,0,1,1
08067,0,1,1
08069,0,0,0
08071,0,1,1
08073,0,1,1
08075,0,1,1
08077,0,0,0
08079,1,1,1
08081,0,1,1
08083,0,1,1
08085,0,1,1
08087,0,1,1
08089,0,1,1
08091,0,1,1
08093,0,1,1
08095,1,1,1
08097,0,1,1
08099,0,1,1
08101,0,0,0
08103,0,1,1
08105,0,1,1
08107,0,1,1
08109,0,1,1
08113,0,1,1
08115,1,1,1
08117,0,1,1
08119,0,1,1
08121,0,1,1
08123,0,0,0
08125,0,1,1
10001,0,0,0
10003,0,0,0
10005,0,0,0
11001,0,0,0
12001,0,0,0
12003,0,1,1
12005,0,0,0
12007,0,1,1
12009,0,0,0
12011,0,0,0
12013,0,1,1
12015,0,0,0
12017,0,0,0
12019,0,0,0
12021,0,0,0
12023,0,0,0
12027,0,0,1
12029,0,1,1
12031,0,0,0
12033,0,0,0
12035,0,0,0
12037,0,1,1
12039,0,0,1
12041,0,1,1
12043,0,1,1
12045,0,1,1
12047,0,1,1
12049,0,0,1
12051,0,1,0
12053,0,0,0
12055,0,0,0
12057,0,0,0
12059,0,1,1
12061,0,0,0
12063,0,0,1
12065,0,1,1
12067,0,1,1
12069,0,0,0
12071,0,0,0
12073,0,0,0
12075,0,0,0
12077,0,1,1
12079,0,1,1
12081,0,0,0
12083,0,0,0
12085,0,0,0
12086,0,0,0
12087,0,0,0
12089,0,0,0
12091,0,0,0
12093,0,1,1
12095,0,0,0
12097,0,0,0
12099,0,0,0
12101,0,0,0
12103,0,0,0
12105,0,0,0
12107,0,0,0
12109,0,0,0
12111,0,0,0
12113,0,0,0
12115,0,0,0
12117,0,0,0
12119,0,0,0
12121,0,1,1
12123,0,1,1
12125,0,1,1
12127,0,0,0
12129,0,1,1
12131,0,0,0
12133,0,1,1
13001,0,1,1
13003,0,1,1
13005,0,1,1
13007,0,1,1
13009,0,0,1
13011,0,1,1
13013,0,0,0
13015,0,0,0
13017,0,1,1
13019,0,1,1
13021,0,0,0
13023,0,1,1
13025,0,1,1
13027,0,1,1
13029,0,1,1
13031,0,1,1
13033,0,1,1
13035,0,1,1
13037,0,1,1
13039,0,0,1
13043,0,1,1
13045,0,0,0
13047,0,0,0
13049,0,1,1
13051,0,0,0
13053,0,1,1
13055,0,1,1
13057,0,0,0
13059,0,0,0
13061,1,1,1
13063,0,0,0
13065,0,1,1
13067,0,0,0
13069,0,0,1
13071,0,0,1
13073,0,0,0
13075,0,1,1
13077,0,0,0
13079,0,1,1
13081,0,1,1
13083,0,1,1
13085,0,0,1
13087,0,1,1
13089,0,0,0
13091,0,1,1
13093,0,1,1
13095,0,0,0
13097,0,0,0
13099,0,1,1
13101,1,1,1
13103,0,0,1
13105,0,1,1
13107,0,1,1
13109,0,1,1
13111,0,1,1
13113,0,0,1
13115,0,0,0
13117,0,0,0
13119,0,1,1
13121,0,0,0
13123,0,1,1
13125,1,1,1
13127,0,0,0
13129,0,0,0
13131,0,1,1
13133,0,1,1
13135,0,0,0
13137,0,0,1
13139,0,0,0
13141,0,1,1
13143,0,1,1
13145,0,1,1
13147,0,1,1
13149,0,1,1
13151,0,0,0
13153,0,0,0
13155,0,1,1
13157,0,0,0
13159,0,1,1
13161,0,1,1
13163,0,1,1
13165,0,1,1
13167,0,1,1
13169,0,1,1
13171,0,1,1
13173,0,1,1
13175,0,0,1
13177,0,0,1
13179,0,0,1
13181,0,1,1
13183,0,1,1
13185,0,0,0
13187,0,1,1
13189,0,1,1
13191,0,1,1
13193,0,1,1
13195,0,1,1
13197,0,1,1
13199,0,1,1
13201,0,1,1
13205,0,1,1
13207,0,1,1
13209,0,1,1
13211,0,1,1
13213,0,0,1
13215,0,0,0
13217,0,0,0
13219,0,1,1
13221,0,1,1
13223,0,0,0
13225,0,0,1
13227,0,0,1
13229,0,1,1
13231,0,1,1
13233,0,0,1
13235,0,1,1
13237,0,1,1
13239,1,1,1
13241,0,1,1
13243,0,1,1
13245,0,0,0
13247,0,0,0
13249,1,1,1
13251,0,1,1
13253,0,1,1
13255,0,0,1
13257,0,1,1
13259,0,1,1
13261,0,1,1
13263,0,1,1
13265,1,1,1
13267,0,1,1
13269,0,1,1
13271,0,1,1
13273,0,1,1
13275,0,0,1
13277,0,0,1
13279,0,1,1
13281,0,1,1
13283,0,1,1
13285,0,0,0
13287,0,1,1
13289,0,1,1
13291,0,0,1
13293,0,1,1
13295,0,0,1
13297,0,0,1
13299,0,0,1
13301,0,1,1
13303,0,1,1
13305,0,1,1
13307,0,1,1
13309,0,1,1
13311,0,1,1
13313,0,0,0
13315,0,1,1
13317,0,1,1
13319,0,1,1
13321,0,1,1
15001,0,0,0
15003,0,0,0
15007,0,0,1
15009,0,0,0
16001,0,0,0
16003,0,1,1
16005,0,0,0
16007,0,1,1
16009,0,1,1
16011,0,1,1
16013,0,1,1
16015,0,1,1
16017,0,1,1
16019,0,0,0
16021,0,1,1
16023,1,1,1
16025,1,1,1
16027,0,0,0
16029,0,1,1
16031,0,1,1
16033,1,1,1
16035,0,1,1
16037,0,1,1
16039,0,1,1
16041,0,1,1
16043,0,1,1
16045,0,1,1
16047,0,1,1
16049,0,1,1
16051,0,1,1
16053,0,1,1
16055,0,0,0
16057,0,1,1
16059,0,1,1
16061,0,1,1
16063,1,1,1
16065,0,1,1
16067,0,1,1
16069,0,1,1
16071,1,1,1
16073,0,1,1
16075,0,1,1
16077,0,1,1
16079,0,1,1
16081,0,1,1
16083,0,0,1
16085,0,1,1
16087,0,1,1
17001,0,0,1
17003,0,1,1
17005,0,1,1
17007,0,0,1
17009,0,1,1
17011,0,1,1
17013,0,1,1
17015,0,1,1
17017,0,1,1
17019,0,0,0
17021,0,1,1
17023,0,1,1
17025,0,1,1
17027,0,1,1
17029,0,1,1
17031,0,0,0
17033,0,1,1
17035,0,1,1
17037,0,0,0
17039,0,1,1
17041,0,1,1
17043,0,0,0
17045,0,1,1
17047,0,1,1
17049,0,1,1
17051,0,1,1
17053,0,1,1
17055,0,0,1
17057,0,1,1
17059,0,1,1
17061,0,1,1
17063,0,0,1
17065,0,1,1
17067,0,1,1
17069,1,1,1
17071,0,1,1
17073,0,0,0
17075,0,1,1
17077,0,0,1
17079,0,1,1
17081,0,1,1
17083,0,1,1
17085,0,1,1
17087,0,1,1
17089,0,0,0
17091,0,0,0
17093,0,0,1
17095,0,0,1
17097,0,0,0
17099,0,0,0
17101,0,1,1
17103,0,0,1
17105,0,0,1
17107,0,1,1
17109,0,1,1
17111,0,0,0
17113,0,0,0
17115,0,0,0
17117,0,0,1
17119,0,0,0
17121,0,0,1
17123,0,1,1
17125,0,1,1
17127,0,1,1
17129,0,1,1
17131,0,1,1
17133,0,1,1
17135,0,1,1
17137,0,1,1
17139,0,1,1
17141,0,0,1
17143,0,0,0
17145,0,1,1
17147,0,1,1
17149,0,1,1
17151,1,1,1
17153,0,1,1
17155,0,1,1
17157,0,1,1
17159,0,1,1
17161,0,0,0
17163,0,0,0
17165,0,1,1
17167,0,0,0
17169,0,1,1
17171,0,1,1
17173,0,1,1
17175,0,1,1
17177,0,0,1
17179,0,0,0
17181,0,1,1
17183,0,0,0
17185,0,1,1
17187,0,1,1
17189,0,1,1
17191,0,1,1
17193,0,1,1
17195,0,0,0
17197,0,0,0
17199,0,0,1
17201,0,0,0
17203,0,1,1
18001,0,1,1
18003,0,0,0
18005,0,0,0
18007,0,1,1
18009,0,1,1
18011,0,0,1
18013,0,1,1
18015,0,1,1
18017,0,1,1
18019,0,0,0
18021,0,1,1
18023,0,1,1
18025,0,1,1
18027,0,1,1
18029,0,1,1
18031,0,1,1
18033,0,0,1
18035,0,0,0
18037,0,1,1
18039,0,0,0
18041,0,1,1
18043,0,0,1
18045,0,1,1
18047,0,1,1
18049,0,1,1
18051,0,1,1
18053,0,0,0
18055,0,1,1
18057,0,0,0
18059,0,0,1
18061,0,1,1
18063,0,0,0
18065,0,0,1
18067,0,0,0
18069,0,1,1
18071,0,0,1
18073,0,0,1
18075,0,1,1
18077,0,1,1
18079,0,1,1
18081,0,0,0
18083,0,1,1
18085,0,0,0
18087,0,1,1
18089,0,0,0
18091,0,0,0
18093,0,0,1
18095,0,0,0
18097,0,0,0
18099,0,1,1
18101,0,1,1
18103,0,1,1
18105,0,0,1
18107,0,1,1
18109,0,0,1
18111,0,1,1
18113,0,1,1
18115,0,1,1
18117,0,1,1
18119,0,1,1
18121,0,1,1
18123,0,1,1
18125,0,1,1
18127,0,0,0
18129,0,1,1
18131,0,1,1
18133,0,1,1
18135,0,1,1
18137,0,1,1
18139,0,1,1
18141,0,0,0
18143,0,1,1
18145,0,0,1
18147,0,1,1
18149,0,1,1
18151,0,1,1
18153,0,1,1
18155,0,1,1
18157,0,0,0
18159,0,1,1
18161,0,1,1
18163,0,0,0
18165,0,1,1
18167,0,0,1
18169,0,1,1
18171,0,1,1
18173,0,0,1
18175,0,1,1
18177,0,0,0
18179,0,1,1
18181,0,1,1
18183,0,1,0
19001,0,1,1
19003,1,1,1
19005,0,1,1
19007,0,1,1
19009,0,1,1
19011,0,1,1
19013,0,0,0
19015,0,1,1
19017,0,0,1
19019,0,1,1
19021,0,1,1
19023,0,1,1
19025,0,1,1
19027,0,1,1
19029,0,1,1
19031,0,1,1
19033,0,0,1
19035,0,1,1
19037,0,1,1
19039,0,1,1
19041,0,1,1
19043,0,1,1
19045,0,0,1
19047,0,1,1
19049,0,0,0
19051,0,1,1
19053,0,1,1
19055,0,1,1
19057,0,0,1
19059,0,1,1
19061,0,0,1
19063,0,1,1
19065,0,1,1
19067,0,1,1
19069,0,1,1
19071,0,1,1
19073,0,1,1
19075,0,1,1
19077,0,1,1
19079,0,1,1
19081,0,1,1
19083,0,1,1
19085,0,1,1
19087,0,1,1
19089,0,1,1
19091,0,1,1
19093,0,1,1
19095,0,1,1
19097,0,1,1
19099,0,1,1
19101,0,1,1
19103,0,0,0
19105,0,1,1
19107,0,1,1
19109,0,1,1
19111,0,1,1
19113,0,0,0
19115,0,1,1
19117,0,1,1
19119,0,1,1
19121,0,1,1
19123,0,1,1
19125,0,0,1
19127,0,1,1
19129,0,1,1
19131,0,1,1
19133,0,1,1
19135,0,1,1
19137,0,1,1
19139,0,1,1
19141,0,1,1
19143,0,1,1
19145,0,1,1
19147,0,1,1
19149,0,1,1
19151,0,1,1
19153,0,0,0
19155,0,0,0
19157,0,1,1
19159,0,1,1
19161,0,1,1
19163,0,0,0
19165,0,1,1
19167,0,1,1
19169,0,0,1
19171,0,1,1
19173,0,1,1
19175,0,1,1
19177,0,1,1
19179,0,1,1
19181,0,1,1
19183,0,1,1
19185,0,1,1
19187,0,1,1
19189,0,1,1
19191,0,1,1
19193,0,0,0
19195,0,1,1
19197,0,1,1
21001,0,1,1
21003,0,1,1
21005,0,1,1
21007,0,1,1
21009,0,0,1
21011,0,1,1
21013,0,1,1
21015,0,0,0
21017,0,1,1
21019,0,0,1
21021,0,1,1
21023,0,1,1
21025,0,1,1
21027,0,1,1
21029,0,0,0
21031,0,1,1
21033,0,1,1
21035,0,1,1
21037,0,0,0
21039,0,1,1
21041,0,1,1
21043,0,1,1
21045,0,1,1
21047,0,0,1
21049,0,1,1
21051,0,1,1
21053,0,1,1
21055,0,1,1
21057,0,1,1
21059,0,0,0
21061,0,1,1
21063,0,1,1
21065,0,1,1
21067,0,0,0
21069,0,1,1
21071,0,0,1
21073,0,0,0
21075,0,1,1
21077,0,1,1
21079,0,1,1
21081,0,1,1
21083,0,1,1
21085,0,1,1
21087,0,1,1
21089,0,0,0
21091,0,1,1
21093,0,0,0
21095,0,1,1
21097,0,1,1
21099,0,1,1
21101,0,1,1
21103,0,1,1
21105,1,1,1
21107,0,0,1
21109,0,1,1
21111,0,0,0
21113,0,0,1
21115,0,1,1
21117,0,0,0
21119,0,1,1
21121,0,0,1
21123,0,1,1
21125,0,0,1
21127,0,1,1
21129,0,1,1
21131,0,1,1
21133,0,1,1
21135,0,1,1
21137,0,1,1
21139,0,1,1
21141,0,1,1
21143,0,1,1
21145,0,0,0
21147,0,1,1
21149,0,1,1
21151,0,0,0
21153,0,1,1
21155,0,1,1
21157,0,1,1
21159,0,1,1
21161,0,1,1
21163,0,1,1
21165,0,1,1
21167,0,1,1
21169,0,1,1
21171,0,1,1
21173,0,0,1
21175,0,1,1
21177,0,0,1
21179,0,0,1
21181,0,1,1
21183,0,1,1
21185,0,0,0
21187,0,1,1
21189,0,1,1
21191,0,1,1
21193,0,1,1
21195,0,0,0
21197,0,1,1
21199,0,0,0
21201,1,1,1
21203,0,1,1
21205,0,1,1
21207,0,1,1
21209,0,1,1
21211,0,1,1
21213,0,1,1
21215,0,1,1
21217,0,1,1
21219,0,1,1
21221,0,1,1
21223,0,1,1
21225,0,1,1
21227,0,0,0
21229,0,1,1
21231,0,1,1
21233,0,1,1
21235,0,1,1
21237,0,1,1
21239,0,1,1
22001,0,0,1
22003,0,1,1
22005,0,0,0
22007,0,1,1
22009,0,0,1
22011,0,0,1
22013,0,1,1
22015,0,0,0
22017,0,0,0
22019,0,0,0
22021,0,1,1
22023,0,1,1
22025,0,1,1
22027,0,1,1
22029,0,1,1
22031,0,1,1
22033,0,0,0
22035,0,1,1
22037,0,1,1
22039,0,1,1
22041,0,1,1
22043,0,1,1
22045,0,0,1
22047,0,0,1
22049,0,1,1
22051,0,0,0
22053,0,1,1
22055,0,0,0
22057,0,0,1
22059,0,1,1
22061,0,0,1
22063,0,0,0
22065,0,1,1
22067,0,1,1
22069,0,0,1
22071,0,0,0
22073,0,0,0
22075,0,1,1
22077,0,1,1
22079,0,0,0
22081,0,1,1
22083,0,1,1
22085,0,1,1
22087,0,0,1
22089,0,0,1
22091,0,1,1
22093,0,0,1
22095,0,1,1
22097,0,0,0
22099,0,0,1
22101,0,0,1
22103,0,0,0
22105,0,0,0
22107,1,1,1
22109,0,0,0
22111,0,1,1
22113,0,0,0
22115,0,0,0
22117,0,0,1
22119,0,0,1
22121,0,1,1
22123,0,1,1
22125,0,1,1
22127,0,1,1
23001,0,0,0
23003,0,0,1
23005,0,0,0
23007,0,1,1
23009,0,0,1
23011,0,0,0
23013,0,0,1
23015,0,1,1
23017,0,0,1
23019,0,0,0
23021,0,1,1
23023,0,0,1
23025,0,0,1
23027,0,1,1
23029,0,1,1
23031,0,0,0
24001,0,0,1
24003,0,0,0
24005,0,0,0
24009,0,0,1
24011,0,0,1
24013,0,0,0
24015,0,0,0
24017,0,0,0
24019,0,1,1
24021,0,0,0
24023,0,1,1
24025,0,0,0
24027,0,0,0
24029,0,1,1
24031,0,0,0
24033,0,0,0
24035,0,0,1
24037,0,0,0
24039,0,1,1
24041,0,0,1
24043,0,0,0
24045,0,0,0
24047,0,0,1
24510,0,0,0
25001,0,0,0
25003,0,0,0
25005,0,0,0
25007,0,1,1
25009,0,0,0
25011,0,0,1
25013,0,0,0
25015,0,0,1
25017,0,0,0
25019,0,1,1
25021,0,0,0
25023,0,0,0
25025,0,0,0
25027,0,0,0
26001,0,1,1
26003,0,1,1
26005,0,0,1
26007,0,1,1
26009,0,1,1
26011,0,1,1
26013,0,1,1
26015,0,0,1
26017,0,0,0
26019,0,1,1
26021,0,0,0
26023,0,1,1
26025,0,0,0
26027,0,0,1
26029,0,1,1
26031,0,1,1
26033,0,0,1
26035,0,1,1
26037,0,0,1
26039,0,1,1
26041,0,1,1
26043,0,1,1
26045,0,0,0
26047,0,0,1
26049,0,0,0
26051,0,1,1
26053,0,1,1
26055,0,0,0
26057,0,0,1
26059,0,1,1
26061,0,1,1
26063,0,1,1
26065,0,0,0
26067,0,0,1
26069,0,1,1
26071,0,1,1
26073,0,0,1
26075,0,0,0
26077,0,0,0
26079,0,1,1
26081,0,0,0
26083,1,1,1
26085,0,1,1
26087,0,0,1
26089,0,1,1
26091,0,0,0
26093,0,0,0
26095,0,1,1
26097,0,1,1
26099,0,0,0
26101,0,1,1
26103,0,0,1
26105,0,0,1
26107,0,0,1
26109,0,1,1
26111,0,0,1
26113,0,1,1
26115,0,0,0
26117,0,0,1
26119,0,1,1
26121,0,0,0
26123,0,0,1
26125,0,0,0
26127,0,1,1
26129,0,1,1
26131,0,1,1
26133,0,1,1
26135,0,1,1
26137,0,1,1
26139,0,0,0
26141,0,1,1
26143,0,1,1
26145,0,0,0
26147,0,0,0
26149,0,0,0
26151,0,1,1
26153,0,1,1
26155,0,0,1
26157,0,0,1
26159,0,0,1
26161,0,0,0
26163,0,0,0
26165,0,0,1
27001,0,1,1
27003,0,0,0
27005,0,1,1
27007,0,0,1
27009,0,1,1
27011,0,1,1
27013,0,1,1
27015,0,1,1
27017,0,1,1
27019,0,0,1
27021,0,1,1
27023,0,1,1
27025,0,0,1
27027,0,0,1
27029,0,1,1
27031,0,1,1
27033,0,1,1
27035,0,0,1
27037,0,0,0
27039,0,1,1
27041,0,0,1
27043,0,1,1
27045,0,1,1
27047,0,1,1
27049,0,1,1
27051,0,1,1
27053,0,0,0
27055,0,1,1
27057,0,1,1
27059,0,1,1
27061,0,1,1
27063,0,1,1
27065,0,1,1
27067,0,1,1
27069,1,1,1
27071,0,1,1
27073,0,1,1
27075,0,1,1
27077,0,1,1
27079,0,1,1
27081,0,1,1
27083,0,1,1
27085,0,0,1
27087,0,1,1
27089,0,1,1
27091,0,1,1
27093,0,1,1
27095,0,1,1
27097,0,0,1
27099,0,1,1
27101,0,1,1
27103,0,1,1
27105,0,1,1
27107,0,1,1
27109,0,0,0
27111,0,0,1
27113,0,1,1
27115,0,1,1
27117,0,1,1
27119,0,1,1
27121,0,1,1
27123,0,0,0
27125,0,1,1
27127,0,1,1
27129,0,1,1
27131,0,0,1
27133,0,1,1
27135,0,1,1
27137,0,0,0
27139,0,0,0
27141,0,0,1
27143,0,1,1
27145,0,0,1
27147,0,1,1
27149,0,1,1
27151,0,1,1
27153,0,1,1
27155,1,1,1
27157,0,1,1
27159,0,1,1
27161,0,1,1
27163,0,0,0
27165,0,1,1
27167,0,1,1
27169,0,0,1
27171,0,0,1
27173,0,1,1
28001,0,0,1
28003,0,1,1
28005,0,1,1
28007,0,1,1
28009,0,1,1
28011,0,1,1
28013,0,1,1
28015,0,1,1
28017,0,1,1
28019,0,1,1
28021,0,1,1
28023,0,1,1
28025,0,1,1
28027,0,0,1
28029,0,0,1
28031,0,1,1
28033,0,0,0
28035,0,0,1
28037,0,1,1
28039,0,1,1
28041,0,1,1
28043,0,1,1
28045,0,0,0
28047,0,0,0
28049,0,0,0
28051,0,1,1
28053,0,1,1
28055,1,1,1
28057,0,1,1
28059,0,0,0
28061,0,1,1
28063,0,1,1
28065,0,1,1
28067,0,0,0
28069,0,1,1
28071,0,0,1
28073,0,1,1
28075,0,0,0
28077,0,1,1
28079,0,1,1
28081,0,0,0
28083,0,1,1
28085,0,0,1
28087,0,0,1
28089,0,0,0
28091,0,1,1
28093,0,0,1
28095,0,1,1
28097,0,1,1
28099,0,1,1
28101,0,1,1
28103,0,1,1
28105,0,0,1
28107,0,0,1
28109,0,0,0
28111,0,1,1
28113,0,0,0
28115,0,1,1
28117,0,1,1
28119,0,1,1
28121,0,0,0
28123,0,1,1
28125,0,1,1
28127,0,1,1
28129,0,1,1
28131,0,1,1
28133,0,1,1
28135,0,1,1
28137,0,1,1
28139,0,1,1
28141,0,0,1
28143,0,1,1
28145,0,1,1
28147,0,1,1
28149,0,1,0
28151,0,0,1
28153,0,1,1
28155,0,1,1
28157,0,1,1
28159,0,1,1
28161,0,1,1
28163,0,0,1
29001,0,1,1
29003,0,1,1
29005,0,1,1
29007,0,1,1
29009,0,1,1
29011,0,1,1
29013,0,1,1
29015,0,1,1
29017,0,1,1
29019,0,0,0
29021,0,0,0
29023,0,0,1
29025,0,1,1
29027,0,0,1
29029,0,0,1
29031,0,0,0
29033,0,1,1
29035,0,1,1
29037,0,0,0
29039,0,1,1
29041,0,1,1
29043,0,0,0
29045,0,1,1
29047,0,0,0
29049,0,1,1
29051,0,0,1
29053,0,1,1
29055,0,1,1
29057,0,1,1
29059,0,1,1
29061,0,1,1
29063,0,1,1
29065,0,1,1
29067,0,1,1
29069,0,0,1
29071,0,0,0
29073,0,1,1
29075,0,1,1
29077,0,0,0
29079,0,1,1
29081,0,1,1
29083,0,1,1
29085,0,1,1
29087,0,1,1
29089,0,1,1
29091,0,0,0
29093,0,1,1
29095,0,0,0
29097,0,0,0
29099,0,0,0
29101,0,0,1
29103,0,1,1
29105,0,1,1
29107,0,0,1
29109,0,1,1
29111,0,1,1
29113,0,0,0
29115,0,1,1
29117,0,1,1
29119,0,1,1
29121,0,1,1
29123,0,1,1
29125,0,1,1
29127,0,1,1
29129,0,1,1
29131,0,1,1
29133,0,1,1
29135,0,1,1
29137,0,1,1
29139,0,1,1
29141,0,1,1
29143,0,1,1
29145,0,1,0
29147,0,1,1
29149,0,1,1
29151,0,1,1
29153,0,1,1
29155,0,1,1
29157,0,1,1
29159,0,1,1
29161,0,1,1
29163,0,1,1
29165,0,0,0
29167,0,1,1
29169,0,1,1
29171,0,1,1
29173,0,1,1
29175,0,1,1
29177,0,1,1
29179,0,1,1
29181,0,1,1
29183,0,0,0
29185,0,1,1
29186,0,1,1
29187,0,0,0
29189,0,0,0
29195,0,1,1
29197,1,1,1
29199,1,1,1
29201,0,0,1
29203,0,1,1
29205,0,1,1
29207,0,1,1
29209,0,0,1
29211,0,1,1
29213,0,0,0
29215,0,1,1
29217,0,1,1
29219,0,1,1
29221,0,1,1
29223,0,1,1
29225,0,1,1
29227,1,1,1
29229,0,1,1
29510,0,0,0
30001,0,1,1
30003,0,1,1
30005,0,1,1
30007,0,1,1
30009,0,1,1
30011,1,1,1
30013,0,0,0
30015,0,1,1
30017,0,1,1
30019,1,1,1
30021,0,1,1
30023,0,1,1
30025,1,1,1
30027,0,1,1
30029,0,0,1
30031,0,0,0
30033,1,1,1
30035,0,1,1
30037,1,1,1
30039,1,1,1
30041,0,1,1
30043,0,1,1
30045,1,1,1
30047,0,1,1
30049,0,0,1
30051,1,1,1
30053,0,1,1
30055,1,1,1
30057,0,1,1
30059,1,1,1
30061,1,1,1
30063,0,0,0
30065,0,1,1
30067,0,1,1
30069,1,1,1
30071,0,1,1
30073,0,1,1
30075,1,1,1
30077,0,1,1
30079,1,1,1
30081,0,0,1
30083,0,1,1
30085,0,1,1
30087,0,1,1
30089,0,1,1
30091,1,1,1
30093,0,1,1
30095,0,1,1
30097,0,1,1
30099,0,1,1
30101,1,1,1
30103,1,1,1
30105,0,1,1
30107,1,1,1
30109,1,1,1
30111,0,0,0
31001,0,1,1
31003,0,1,1
31005,1,1,1
31007,1,1,1
31009,1,1,1
31011,0,1,1
31013,0,1,1
31015,1,1,1
31017,1,1,1
31019,0,1,1
31021,0,1,1
31023,0,1,1
31025,0,1,1
31027,0,1,1
31029,1,1,1
31031,0,1,1
31033,0,1,1
31035,0,1,1
31037,0,1,1
31039,0,1,1
31041,0,1,1
31043,0,1,1
31045,0,1,1
31047,0,1,1
31049,1,1,1
31051,0,1,1
31053,0,1,1
31055,0,0,0
31057,1,1,1
31059,0,1,1
31061,0,1,1
31063,1,1,1
31065,0,1,1
31067,0,1,1
31069,1,1,1
31071,1,1,1
31073,1,1,1
31075,1,1,1
31077,1,1,1
31079,0,0,1
31081,0,1,1
31083,0,1,1
31085,1,1,1
31087,0,1,1
31089,0,1,1
31091,1,1,1
31093,0,1,1
31095,0,1,1
31097,0,1,1
31099,0,1,1
31101,0,1,1
31103,1,1,1
31105,1,1,1
31107,0,1,1
31109,0,0,0
31111,0,1,1
31113,1,1,1
31115,1,1,1
31117,1,1,1
31119,0,0,1
31121,0,1,1
31123,0,1,1
31125,0,1,1
31127,0,1,1
31129,0,1,1
31131,0,1,1
31133,1,1,1
31135,1,1,1
31137,0,1,1
31139,0,1,1
31141,0,1,1
31143,0,1,1
31145,0,1,1
31147,0,1,1
31149,1,1,1
31151,0,1,1
31153,0,0,0
31155,0,1,1
31157,0,0,1
31159,0,1,1
31161,0,1,1
31163,1,1,1
31165,1,1,1
31167,0,1,1
31169,0,1,1
31173,0,1,1
31175,0,1,1
31177,0,1,1
31179,0,1,1
31181,1,1,1
31183,1,1,1
31185,0,1,1
32001,0,1,1
32003,0,0,0
32005,0,1,1
32007,0,0,1
32009,1,1,1
32011,1,1,1
32013,0,1,1
32015,1,1,1
32017,0,1,1
32019,0,0,0
32021,1,1,1
32023,0,0,1
32027,1,1,1
32029,0,1,1
32031,0,0,0
32033,1,1,1
32510,0,1,1
33001,0,0,1
33003,0,0,1
33005,0,0,1
33007,0,0,1
33009,0,0,1
33011,0,0,0
33013,0,0,1
33015,0,0,0
33017,0,0,0
33019,0,0,1
34001,0,0,0
34003,0,0,0
34005,0,0,0
34007,0,0,0
34009,0,0,0
34011,0,0,0
34013,0,0,0
34015,0,0,0
34017,0,0,0
34019,0,0,0
34021,0,0,0
34023,0,0,0
34025,0,0,0
34027,0,0,0
34029,0,0,0
34031,0,0,0
34033,0,0,1
34035,0,0,0
34037,0,0,0
34039,0,0,0
34041,0,0,0
35001,0,0,0
35003,0,1,1
35005,0,0,1
35006,0,1,1
35007,0,1,1
35009,0,0,1
35011,1,1,1
35013,0,0,0
35015,0,0,1
35017,0,1,1
35019,1,1,1
35021,1,1,1
35023,1,1,1
35025,0,0,0
35027,0,1,1
35028,0,1,1
35029,0,1,1
35031,0,0,1
35033,0,1,1
35035,0,0,0
35037,0,1,1
35039,0,0,1
35041,0,1,1
35043,0,0,0
35045,0,0,0
35047,0,0,1
35049,0,0,0
35051,0,1,1
35053,0,1,1
35055,0,0,1
35057,0,1,1
35059,1,1,1
35061,0,0,1
36001,0,0,0
36003,0,0,1
36005,0,0,0
36007,0,0,0
36009,0,0,1
36011,0,0,1
36013,0,0,0
36015,0,0,1
36017,0,1,1
36019,0,0,1
36021,0,0,1
36023,0,0,1
36025,0,0,1
36027,0,0,0
36029,0,0,0
36031,0,1,1
36033,0,0,1
36035,0,0,1
36037,0,0,1
36039,0,0,1
36041,0,1,1
36043,0,0,1
36045,0,0,0
36047,0,0,0
36049,0,1,1
36051,0,0,1
36053,0,0,1
36055,0,0,0
36057,0,0,1
36059,0,0,0
36061,0,0,0
36063,0,0,0
36065,0,0,0
36067,0,0,0
36069,0,0,0
36071,0,0,0
36073,0,1,1
36075,0,0,0
36077,0,1,1
36079,0,0,1
36081,0,0,0
36083,0,0,0
36085,0,0,0
36087,0,0,0
36089,0,0,0
36091,0,0,0
36093,0,0,0
36095,0,0,1
36097,0,1,1
36099,0,0,1
36101,0,0,0
36103,0,0,0
36105,0,0,0
36107,0,0,1
36109,0,0,1
36111,0,0,0
36113,0,0,1
36115,0,0,1
36117,0,0,1
36119,0,0,0
36121,0,1,1
36123,0,1,1
37001,0,0,0
37003,0,0,1
37005,0,1,1
37007,0,1,1
37009,0,1,1
37011,0,1,1
37013,0,0,1
37015,0,1,1
37017,0,1,1
37019,0,0,0
37021,0,0,0
37023,0,0,1
37025,0,0,0
37027,0,0,0
37029,0,1,1
37031,0,0,1
37033,0,1,1
37035,0,0,0
37037,0,0,1
37039,0,1,1
37041,0,1,1
37043,0,1,1
37045,0,0,0
37047,0,0,1
37049,0,0,0
37051,0,0,0
37053,0,1,1
37055,0,1,1
37057,0,0,0
37059,0,1,1
37061,0,1,1
37063,0,0,0
37065,0,0,1
37067,0,0,0
37069,0,0,1
37071,0,0,0
37073,0,1,1
37075,0,1,1
37077,0,0,1
37079,0,1,1
37081,0,0,0
37083,0,0,0
37085,0,0,0
37087,0,0,1
37089,0,0,1
37091,0,0,1
37093,0,0,1
37095,0,1,1
37097,0,0,0
37099,0,1,1
37101,0,0,0
37103,0,1,1
37105,0,0,1
37107,0,0,1
37109,0,0,0
37111,0,0,1
37113,0,0,1
37115,0,1,1
37117,0,1,1
37119,0,0,0
37121,0,1,1
37123,0,1,1
37125,0,0,0
37127,0,0,0
37129,0,0,0
37131,0,1,1
37133,0,0,0
37135,0,0,0
37137,0,1,1
37139,0,0,1
37141,0,0,1
37143,0,1,1
37145,0,0,1
37147,0,0,0
37149,0,1,1
37151,0,0,0
37153,0,0,1
37155,0,0,0
37157,0,0,0
37159,0,0,0
37161,0,0,1
37163,0,0,0
37165,0,0,1
37167,0,0,1
37169,0,0,1
37171,0,0,1
37173,0,1,1
37175,0,0,1
37177,0,1,1
37179,0,0,0
37181,0,0,1
37183,0,0,0
37185,0,0,1
37187,0,1,1
37189,0,1,1
37191,0,0,0
37193,0,0,1
37195,0,0,0
37197,0,0,1
37199,0,1,1
38001,1,1,1
38003,0,1,1
38005,0,1,1
38009,0,1,1
38011,1,1,1
38013,1,1,1
38015,0,0,1
38017,0,0,1
38019,0,1,1
38021,1,1,1
38023,1,1,1
38025,1,1,1
38027,1,1,1
38029,0,1,1
38031,0,1,1
38033,1,1,1
38035,0,1,1
38037,1,1,1
38039,1,1,1
38041,1,1,1
38043,1,1,1
38045,0,1,1
38047,1,1,1
38049,0,1,1
38051,1,1,1
38053,0,1,1
38055,0,1,1
38057,0,1,1
38059,0,0,1
38061,0,1,1
38063,0,1,1
38065,1,1,1
38067,0,1,1
38069,0,1,1
38071,0,1,1
38073,0,1,1
38075,1,1,1
38077,0,1,1
38079,0,1,1
38081,0,1,1
38083,1,1,1
38085,1,1,1
38089,0,1,1
38091,1,1,1
38093,0,1,1
38095,1,1,1
38097,0,1,1
38099,0,1,1
38101,0,1,1
38103,0,1,1
38105,0,1,1
39001,0,1,1
39003,0,0,1
39005,0,0,1
39007,0,0,0
39009,0,1,1
39011,0,1,1
39013,0,0,1
39015,0,0,1
39017,0,0,0
39019,0,0,1
39021,0,0,1
39023,0,0,0
39025,0,0,0
39027,0,0,1
39029,0,0,0
39031,0,0,1
39033,0,0,1
39035,0,0,0
39037,0,1,1
39039,0,1,1
39041,0,0,0
39043,0,0,0
39045,0,0,0
39047,0,1,1
39049,0,0,0
39051,0,1,1
39053,0,1,1
39055,0,0,0
39057,0,0,0
39059,0,0,1
39061,0,0,0
39063,0,0,1
39065,0,1,1
39067,0,1,1
39069,0,1,1
39071,0,1,1
39073,0,1,1
39075,0,1,1
39077,0,0,1
39079,0,1,1
39081,0,0,1
39083,0,0,1
39085,0,0,0
39087,0,0,0
39089,0,0,0
39091,0,1,1
39093,0,0,0
39095,0,0,0
39097,0,1,1
39099,0,0,0
39101,0,0,1
39103,0,0,0
39105,0,1,1
39107,0,1,1
39109,0,0,0
39111,0,1,1
39113,0,0,0
39115,0,1,1
39117,0,1,1
39119,0,0,0
39121,0,1,1
39123,0,0,1
39125,0,1,1
39127,0,0,1
39129,0,0,1
39131,0,1,1
39133,0,0,0
39135,0,0,1
39137,0,1,1
39139,0,0,0
39141,0,0,0
39143,0,0,1
39145,0,0,1
39147,0,0,1
39149,0,1,1
39151,0,0,0
39153,0,0,0
39155,0,0,0
39157,0,0,0
39159,0,0,0
39161,0,1,1
39163,0,1,1
39165,0,0,0
39167,0,0,1
39169,0,0,0
39171,0,1,1
39173,0,0,0
39175,0,1,1
40001,0,1,1
40003,0,1,1
40005,0,1,1
40007,0,1,1
40009,0,1,1
40011,0,1,1
40013,0,0,1
40015,0,1,1
40017,0,0,0
40019,0,1,1
40021,0,0,1
40023,0,1,1
40025,1,1,1
40027,0,0,0
40029,0,1,1
40031,0,0,0
40033,0,1,1
40035,0,1,1
40037,0,0,0
40039,0,1,1
40041,0,0,1
40043,1,1,1
40045,1,1,1
40047,0,0,0
40049,0,1,1
40051,0,1,0
40053,1,1,1
40055,1,1,1
40057,1,1,1
40059,1,1,1
40061,0,1,1
40063,0,1,1
40065,0,1,1
40067,0,1,1
40069,0,1,1
40071,0,1,0
40073,0,1,1
40075,0,1,1
40077,0,1,1
40079,0,0,1
40081,0,0,1
40083,0,1,1
40085,0,1,1
40087,0,1,1
40089,0,0,0
40091,0,1,1
40093,0,1,1
40095,0,1,1
40097,0,1,0
40099,0,1,1
40101,0,0,0
40103,0,1,1
40105,0,1,1
40107,0,1,1
40109,0,0,0
40111,0,0,1
40113,0,0,1
40115,0,0,1
40117,0,1,1
40119,0,0,1
40121,0,0,1
40123,0,1,1
40125,0,0,0
40127,0,1,1
40129,1,1,1
40131,0,0,0
40133,0,1,1
40135,0,1,0
40137,0,0,1
40139,0,1,1
40141,0,1,1
40143,0,0,0
40145,0,0,1
40147,0,1,1
40149,0,1,1
40151,0,1,1
40153,0,1,1
41001,0,1,1
41003,0,0,1
41005,0,0,0
41007,0,1,1
41009,0,0,1
41011,0,0,0
41013,0,1,1
41015,0,1,1
41017,0,0,0
41019,0,0,0
41021,1,1,1
41023,0,1,1
41025,0,1,1
41027,0,1,1
41029,0,0,0
41031,0,1,1
41033,0,0,0
41035,0,0,1
41037,0,1,1
41039,0,0,0
41041,0,0,1
41043,0,0,1
41045,0,1,1
41047,0,0,0
41049,0,1,1
41051,0,0,0
41053,0,0,0
41055,1,1,1
41057,0,1,1
41059,0,0,1
41061,0,1,1
41063,0,1,1
41065,0,1,1
41067,0,0,0
41069,1,1,1
41071,0,0,0
42001,0,0,1
42003,0,0,0
42005,0,0,1
42007,0,0,0
42009,0,0,1
42011,0,0,0
42013,0,0,1
42015,0,0,0
42017,0,0,0
42019,0,0,0
42021,0,0,0
42023,0,1,1
42025,0,0,0
42027,0,0,1
42029,0,0,0
42031,0,1,1
42033,0,0,1
42035,0,1,1
42037,0,0,1
42039,0,0,1
42041,0,0,0
42043,0,0,0
42045,0,0,0
42047,0,1,1
42049,0,0,0
42051,0,0,0
42053,0,1,1
42055,0,0,0
42057,0,1,1
42059,0,0,1
42061,0,1,1
42063,0,0,0
42065,0,1,1
42067,0,1,1
42069,0,0,0
42071,0,0,0
42073,0,0,0
42075,0,0,0
42077,0,0,0
42079,0,0,0
42081,0,0,0
42083,0,0,1
42085,0,0,0
42087,0,0,1
42089,0,0,0
42091,0,0,0
42093,0,1,1
42095,0,0,0
42097,0,0,0
42099,0,1,1
42101,0,0,0
42103,0,0,1
42105,0,1,1
42107,0,0,0
42109,0,1,1
42111,0,0,0
42113,0,1,1
42115,0,0,1
42117,0,1,1
42119,0,0,1
42121,0,0,1
42123,0,0,1
42125,0,0,0
42127,0,0,1
42129,0,0,0
42131,0,1,1
42133,0,0,0
44001,0,0,1
44003,0,0,0
44005,0,0,1
44007,0,0,0
44009,0,0,1
45001,0,1,1
45003,0,0,0
45005,0,1,1
45007,0,0,0
45009,0,1,1
45011,0,1,1
45013,0,0,0
45015,0,0,0
45017,0,1,1
45019,0,0,0
45021,0,0,1
45023,0,1,1
45025,0,0,1
45027,0,0,1
45029,0,0,0
45031,0,0,0
45033,0,1,1
45035,0,0,0
45037,0,1,1
45039,0,1,1
45041,0,0,0
45043,0,0,0
45045,0,0,0
45047,0,0,0
45049,0,1,1
45051,0,0,0
45053,0,1,1
45055,0,0,1
45057,0,0,0
45059,0,0,0
45061,0,1,1
45063,0,0,0
45065,0,1,1
45067,0,1,1
45069,0,1,1
45071,0,1,1
45073,0,0,1
45075,0,0,0
45077,0,0,0
45079,0,0,0
45081,0,1,1
45083,0,0,0
45085,0,0,0
45087,0,1,1
45089,0,0,1
45091,0,0,0
46003,0,1,1
46005,0,1,1
46007,1,1,1
46009,0,1,1
46011,0,1,1
46013,0,0,1
46015,0,1,1
46017,1,1,1
46019,0,1,1
46021,1,1,1
46023,0,1,1
46025,1,1,1
46027,0,1,1
46029,0,1,1
46031,1,1,1
46033,0,1,1
46035,0,1,1
46037,0,1,1
46039,0,1,1
46041,0,1,1
46043,1,1,1
46045,1,1,1
46047,0,1,1
46049,1,1,1
46051,0,1,1
46053,1,1,1
46055,0,1,1
46057,0,1,1
46059,1,1,1
46061,1,1,1
46063,1,1,1
46065,0,1,1
46067,0,1,1
46069,1,1,1
46071,1,1,1
46073,1,1,1
46075,1,1,1
46077,0,1,1
46079,0,1,1
46081,0,1,1
46083,0,0,1
46085,1,1,1
46087,0,1,1
46089,1,1,1
46091,0,1,1
46093,0,1,1
46095,1,1,1
46097,1,1,1
46099,0,0,1
46101,0,1,1
46102,0,1,1
46103,0,0,0
46105,1,1,1
46107,1,1,1
46109,0,1,1
46111,1,1,1
46115,0,1,1
46117,0,1,1
46119,1,1,1
46121,0,1,1
46123,0,1,1
46125,0,1,1
46127,0,1,1
46129,0,1,1
46135,0,1,1
46137,1,1,1
47001,0,0,0
47003,0,0,1
47005,0,1,1
47007,0,1,1
47009,0,0,0
47011,0,0,0
47013,0,1,1
47015,0,1,1
47017,0,1,1
47019,0,0,1
47021,0,0,1
47023,0,1,1
47025,0,1,1
47027,0,1,1
47029,0,0,1
47031,0,1,1
47033,0,1,1
47035,0,0,0
47037,0,0,0
47039,0,1,1
47041,0,1,1
47043,0,0,1
47045,0,1,1
47047,0,0,1
47049,0,1,1
47051,0,1,1
47053,0,0,1
47055,0,1,1
47057,0,1,1
47059,0,0,0
47061,0,1,1
47063,0,0,1
47065,0,0,0
47067,0,1,1
47069,0,1,1
47071,0,1,1
47073,0,0,1
47075,0,1,1
47077,0,1,1
47079,0,0,1
47081,0,1,1
47083,0,1,1
47085,0,1,1
47087,0,1,1
47089,0,0,0
47091,0,1,1
47093,0,0,0
47095,1,1,1
47097,0,1,1
47099,0,0,1
47101,0,1,1
47103,0,1,1
47105,0,1,1
47107,0,0,1
47109,0,1,1
47111,0,1,1
47113,0,0,0
47115,0,1,1
47117,0,1,1
47119,0,0,0
47121,0,1,1
47123,0,1,1
47125,0,0,0
47127,0,1,1
47129,0,1,1
47131,0,0,1
47133,0,1,1
47135,0,1,1
47137,0,1,1
47139,0,1,1
47141,0,0,1
47143,0,1,1
47145,0,0,1
47147,0,0,1
47149,0,0,0
47151,0,1,1
47153,0,1,1
47155,0,0,0
47157,0,0,0
47159,0,1,1
47161,0,1,1
47163,0,0,0
47165,0,0,0
47167,0,0,1
47169,0,1,1
47171,0,1,1
47173,0,1,1
47175,0,1,1
47177,0,1,1
47179,0,0,0
47181,0,1,1
47183,0,1,1
47185,0,1,1
47187,0,0,0
47189,0,0,0
48001,0,0,0
48003,0,1,1
48005,0,0,0
48007,0,0,1
48009,0,1,1
48011,0,1,1
48013,0,0,1
48015,0,1,1
48017,0,1,1
48019,0,1,1
48021,0,0,0
48023,0,1,1
48025,0,0,1
48027,0,0,0
48029,0,0,0
48031,0,1,1
48033,1,1,1
48035,0,1,1
48037,0,0,0
48039,0,0,0
48041,0,0,0
48043,0,1,1
48045,1,1,1
48047,0,1,1
48049,0,0,1
48051,0,1,1
48053,0,0,1
48055,0,1,1
48057,0,0,1
48059,0,1,1
48061,0,0,0
48063,0,1,1
48065,0,1,1
48067,0,0,1
48069,0,1,1
48071,0,0,1
48073,0,0,1
48075,0,1,1
48077,0,1,1
48079,1,1,1
48081,0,1,1
48083,0,1,1
48085,0,0,0
48087,1,1,1
48089,0,1,1
48091,0,0,0
48093,0,1,1
48095,1,1,1
48097,0,1,1
48099,0,0,0
48101,1,1,1
48103,1,1,1
48105,1,1,1
48107,1,1,1
48109,1,1,1
48111,0,1,1
48113,0,0,0
48115,0,1,1
48117,0,1,1
48119,0,1,1
48121,0,0,0
48123,0,1,1
48125,1,1,1
48127,0,1,1
48129,1,1,1
48131,0,1,1
48133,0,1,1
48135,0,0,0
48137,1,1,1
48139,0,0,0
48141,0,0,0
48143,0,0,1
48145,0,1,1
48147,0,0,1
48149,0,1,1
48151,1,1,1
48153,1,1,1
48155,1,1,1
48157,0,0,0
48159,0,1,1
48161,0,1,1
48163,0,1,1
48165,0,1,1
48167,0,0,0
48169,1,1,1
48171,0,1,1
48173,1,1,1
48175,0,1,1
48177,0,0,1
48179,0,1,1
48181,0,0,0
48183,0,0,0
48185,0,1,1
48187,0,0,0
48189,0,1,1
48191,0,1,1
48193,0,1,1
48195,1,1,1
48197,0,1,1
48199,0,0,1
48201,0,0,0
48203,0,0,0
48205,0,1,1
48207,1,1,1
48209,0,0,0
48211,1,1,1
48213,0,0,0
48215,0,0,0
48217,0,0,1
48219,0,1,1
48221,0,0,0
48223,0,0,1
48225,0,1,1
48227,0,1,1
48229,1,1,1
48231,0,0,1
48233,0,1,1
48235,1,1,1
48237,0,1,1
48239,0,1,1
48241,0,0,0
48243,1,1,1
48245,0,0,0
48247,1,1,1
48249,0,0,1
48251,0,0,0
48253,0,1,1
48255,0,1,1
48257,0,0,0
48259,0,0,1
48263,1,1,1
48265,0,0,1
48267,0,1,1
48271,1,1,1
48273,0,1,1
48275,1,1,1
48277,0,0,1
48279,0,1,1
48281,0,1,1
48283,1,1,1
48285,0,1,1
48287,0,1,1
48289,0,1,1
48291,0,0,0
48293,0,1,1
48295,0,1,1
48297,0,1,1
48299,0,1,1
48303,0,0,0
48305,0,1,1
48307,0,1,1
48309,0,0,0
48311,1,1,1
48313,0,1,1
48315,0,1,1
48317,0,1,1
48319,0,1,1
48321,0,0,1
48323,0,0,1
48325,0,1,1
48327,1,1,1
48329,0,0,0
48331,0,0,1
48333,0,1,1
48335,0,1,1
48337,0,1,1
48339,0,0,0
48341,0,1,1
48343,0,1,1
48345,1,1,1
48347,0,1,0
48349,0,0,1
48351,0,1,1
48353,0,1,1
48355,0,0,0
48357,0,1,1
48359,1,1,1
48361,0,0,0
48363,0,1,1
48365,0,1,1
48367,0,0,0
48369,0,1,1
48371,0,1,1
48373,0,0,0
48375,0,0,0
48377,0,1,1
48379,0,1,1
48381,0,0,0
48383,1,1,1
48385,0,1,1
48387,0,1,1
48389,0,1,1
48391,0,1,1
48393,1,1,1
48395,0,1,1
48397,0,0,0
48399,0,1,1
48401,0,0,1
48403,0,1,1
48405,0,1,1
48407,0,0,1
48409,0,0,0
48411,0,1,1
48413,1,1,1
48415,0,1,1
48417,1,1,1
48419,0,1,1
48421,1,1,1
48423,0,0,0
48425,0,1,1
48427,0,0,0
48429,0,1,1
48431,1,1,1
48433,1,1,1
48435,1,1,1
48437,0,1,1
48439,0,0,0
48441,0,0,0
48443,1,1,1
48445,0,1,1
48447,1,1,1
48449,0,1,1
48451,0,0,0
48453,0,0,0
48455,0,1,1
48457,0,1,1
48459,0,1,1
48461,1,1,1
48463,0,1,1
48465,0,0,1
48467,0,0,0
48469,0,0,0
48471,0,0,0
48473,0,1,1
48475,0,1,1
48477,0,0,1
48479,0,0,0
48481,0,0,1
48483,0,1,1
48485,0,0,0
48487,0,1,1
48489,0,1,1
48491,0,0,0
48493,0,0,1
48495,1,1,1
48497,0,0,1
48499,0,0,1
48501,0,1,1
48503,0,1,1
48505,0,1,1
48507,0,1,1
49001,1,1,1
49003,0,1,1
49005,0,0,1
49007,0,1,1
49009,1,1,1
49011,0,0,0
49013,0,1,1
49015,0,1,1
49017,0,1,1
49019,0,1,1
49021,0,0,1
49023,0,1,1
49025,0,1,1
49027,0,1,1
49029,0,1,1
49031,1,1,1
49033,1,1,1
49035,0,0,0
49037,0,1,1
49039,0,1,1
49041,0,1,1
49043,0,1,1
49045,0,1,1
49047,0,1,1
49049,0,0,0
49051,0,1,1
49053,0,0,0
49055,1,1,1
49057,0,0,0
50001,0,1,1
50003,0,1,1
50005,0,1,1
50007,0,0,0
50009,0,1,1
50011,0,0,1
50013,0,1,1
50015,0,1,1
50017,0,1,1
50019,0,1,1
50021,0,0,0
50023,0,0,1
50025,0,0,1
50027,0,0,1
51001,0,1,1
51003,0,0,1
51005,0,1,1
51007,0,1,1
51009,0,1,1
51011,0,1,1
51013,0,0,0
51015,0,0,1
51017,0,1,1
51021,0,1,1
51023,0,1,1
51025,0,1,1
51027,0,1,1
51029,0,1,1
51031,0,0,1
51033,0,1,1
51035,0,1,1
51036,0,1,1
51037,0,1,1
51041,0,0,0
51043,0,1,1
51045,0,1,1
51047,0,0,1
51049,0,1,1
51051,0,1,1
51053,0,1,1
51057,0,1,1
51059,0,0,0
51061,0,0,1
51063,0,1,1
51065,0,1,1
51067,0,0,1
51069,0,0,0
51071,0,1,1
51073,0,1,1
51075,0,1,1
51077,0,1,1
51079,0,1,1
51081,0,1,1
51083,0,1,1
51085,0,0,1
51087,0,0,0
51089,0,0,1
51091,1,1,1
51093,0,1,1
51095,0,0,0
51097,0,1,1
51099,0,1,1
51101,0,1,1
51103,0,1,1
51105,0,1,1
51107,0,0,0
51109,0,1,1
51111,0,1,1
51113,0,1,1
51115,0,1,1
51117,0,0,1
51119,0,1,1
51121,0,0,1
51125,0,1,1
51127,0,1,1
51131,0,1,1
51133,0,1,1
51135,0,1,1
51137,0,1,1
51139,0,1,1
51141,0,1,1
51143,0,0,1
51145,0,1,1
51147,0,1,1
51149,0,1,1
51153,0,0,0
51155,0,1,1
51157,0,1,1
51159,0,1,1
51161,0,0,1
51163,0,1,1
51165,0,0,1
51167,0,1,1
51169,0,1,1
51171,0,0,1
51173,0,1,1
51175,0,1,1
51177,0,0,0
51179,0,0,0
51181,0,1,1
51183,0,1,1
51185,0,1,1
51187,0,1,1
51191,0,0,1
51193,0,1,1
51195,0,1,1
51197,0,1,1
51199,0,1,1
51510,0,0,0
51520,0,1,1
51530,0,1,1
51540,0,1,1
51550,0,0,0
51570,0,1,1
51580,0,1,1
51590,0,0,1
51595,0,1,1
51600,0,1,1
51610,0,1,1
51620,0,1,1
51630,0,1,1
51640,0,1,1
51650,0,0,0
51660,0,1,1
51670,0,1,1
51678,0,1,1
51680,0,0,1
51683,0,1,1
51685,0,1,1
51690,0,1,1
51700,0,0,0
51710,0,0,0
51720,1,1,1
51730,0,0,1
51735,0,1,1
51740,0,0,1
51750,0,1,1
51760,0,0,0
51770,0,0,0
51775,0,0,1
51790,0,1,1
51800,0,0,0
51810,0,0,0
51820,0,1,1
51830,0,1,1
51840,0,1,1
53001,0,1,1
53003,0,1,1
53005,0,0,0
53007,0,0,1
53009,0,0,1
53011,0,0,0
53013,1,1,1
53015,0,0,0
53017,0,1,1
53019,0,1,1
53021,0,0,0
53023,1,1,1
53025,0,0,0
53027,0,0,0
53029,0,0,0
53031,0,0,1
53033,0,0,0
53035,0,0,0
53037,0,1,1
53039,0,1,1
53041,0,0,0
53043,0,1,1
53045,0,0,0
53047,0,1,1
53049,0,1,1
53051,0,1,1
53053,0,0,0
53055,0,1,1
53057,0,0,0
53059,0,1,1
53061,0,0,0
53063,0,0,0
53065,0,0,1
53067,0,0,0
53069,0,1,1
53071,0,0,1
53073,0,0,0
53075,0,1,1
53077,0,0,0
54001,0,1,1
54003,0,0,0
54005,0,1,1
54007,0,1,1
54009,0,1,1
54011,0,0,0
54013,0,1,1
54015,0,1,1
54017,0,1,1
54019,0,1,1
54021,0,1,1
54023,0,1,1
54025,0,0,1
54027,0,1,1
54029,0,0,1
54031,0,1,1
54033,0,0,1
54035,0,1,1
54037,0,0,1
54039,0,0,0
54041,0,1,1
54043,0,1,1
54045,0,1,1
54047,0,1,1
54049,0,0,0
54051,0,1,1
54053,0,1,1
54055,0,0,0
54057,0,1,1
54059,0,1,1
54061,0,0,0
54063,0,1,1
54065,0,1,1
54067,0,1,1
54069,0,1,1
54071,1,1,1
54073,0,1,1
54075,0,1,1
54077,0,1,1
54079,0,0,1
54081,0,0,0
54083,0,0,1
54085,0,1,1
54087,0,1,1
54089,0,1,1
54091,0,1,1
54093,0,1,1
54095,0,1,1
54097,0,1,1
54099,0,0,0
54101,0,1,1
54103,0,1,1
54105,0,1,1
54107,0,0,0
54109,0,1,1
55001,0,1,1
55003,0,1,1
55005,0,0,1
55007,0,1,1
55009,0,0,0
55011,0,1,1
55013,0,1,1
55015,0,0,1
55017,0,0,1
55019,0,1,1
55021,0,1,1
55023,0,1,1
55025,0,0,0
55027,0,0,0
55029,0,1,1
55031,0,0,1
55033,0,1,1
55035,0,0,1
55037,0,1,1
55039,0,0,0
55041,0,1,1
55043,0,0,1
55045,0,1,1
55047,0,1,1
55049,0,1,1
55051,0,1,1
55053,0,1,1
55055,0,0,1
55057,0,1,1
55059,0,0,0
55061,0,1,1
55063,0,0,1
55065,0,1,1
55067,0,1,1
55069,0,0,1
55071,0,0,1
55073,0,0,1
55075,0,0,1
55077,0,1,1
55078,1,1,1
55079,0,0,0
55081,0,0,1
55083,0,0,1
55085,0,0,1
55087,0,0,0
55089,0,0,1
55091,0,1,1
55093,0,1,1
55095,0,1,1
55097,0,0,1
55099,0,1,1
55101,0,0,0
55103,0,1,1
55105,0,0,0
55107,0,1,1
55109,0,0,1
55111,0,0,0
55113,0,1,1
55115,0,0,1
55117,0,0,0
55119,0,1,1
55121,0,1,1
55123,0,1,1
55125,0,1,1
55127,0,0,0
55129,0,1,1
55131,0,0,0
55133,0,0,0
55135,0,0,1
55137,0,0,1
55139,0,0,0
55141,0,0,1
56001,0,1,1
56003,0,1,1
56005,0,1,1
56007,0,1,1
56009,0,1,1
56011,0,1,1
56013,0,1,1
56015,0,1,1
56017,0,1,1
56019,0,1,1
56021,0,0,0
56023,0,1,1
56025,0,0,0
56027,1,1,1
56029,0,1,1
56031,0,1,1
56033,0,1,1
56035,0,1,1
56037,0,1,1
56039,0,1,1
56041,0,1,1
56043,0,1,1
56045,0,1,1
